config,target,blocksize,iteration,bandwidth
15,virtio,512,0,10.5
15,virtio,512,1,10.5
15,virtio,512,2,11.0
15,virtio,512,3,10.5
15,virtio,512,4,10.8
15,virtio,1024,0,23.3
15,virtio,1024,1,20.7
15,virtio,1024,2,22.0
15,virtio,1024,3,24.3
15,virtio,1024,4,24.1
15,virtio,4096,0,64.7
15,virtio,4096,1,78.0
15,virtio,4096,2,87.6
15,virtio,4096,3,91.5
15,virtio,4096,4,68.6
15,virtio,8192,0,126
15,virtio,8192,1,162
15,virtio,8192,2,147
15,virtio,8192,3,148
15,virtio,8192,4,159
15,virtio,16384,0,207
15,virtio,16384,1,252
15,virtio,16384,2,333
15,virtio,16384,3,262
15,virtio,16384,4,328
15,virtio,32768,0,321
15,virtio,32768,1,506
15,virtio,32768,2,442
15,virtio,32768,3,346
15,virtio,32768,4,465
15,virtio,65536,0,415
15,virtio,65536,1,606
15,virtio,65536,2,602
15,virtio,65536,3,480
15,virtio,65536,4,553
15,virtio,131072,0,524
15,virtio,131072,1,688
15,virtio,131072,2,565
15,virtio,131072,3,599
15,virtio,131072,4,638
16,cpu,512,0,-1
16,cpu,512,1,-1
16,cpu,512,2,-1
16,cpu,512,3,-1
16,cpu,512,4,-1
16,cpu,1024,0,-1
16,cpu,1024,1,-1
16,cpu,1024,2,-1
16,cpu,1024,3,-1
16,cpu,1024,4,-1
16,cpu,4096,0,-1
16,cpu,4096,1,-1
16,cpu,4096,2,-1
16,cpu,4096,3,-1
16,cpu,4096,4,-1
16,cpu,8192,0,-1
16,cpu,8192,1,-1
17,virtio,512,0,10.3
17,virtio,512,1,10.5
17,virtio,512,2,11.9
17,virtio,512,3,11.4
17,virtio,512,4,11.2
17,virtio,1024,0,21.7
17,virtio,1024,1,19.9
17,virtio,1024,2,24.0
17,virtio,1024,3,24.7
17,virtio,1024,4,19.6
17,virtio,4096,0,68.2
17,virtio,4096,1,93.6
17,virtio,4096,2,77.2
17,virtio,4096,3,73.2
17,virtio,4096,4,71.2
17,virtio,8192,0,153
17,virtio,8192,1,157
17,virtio,8192,2,161
17,virtio,8192,3,141
17,virtio,8192,4,140
17,virtio,16384,0,253
17,virtio,16384,1,277
17,virtio,16384,2,293
17,virtio,16384,3,276
17,virtio,16384,4,276
17,virtio,32768,0,355
17,virtio,32768,1,392
17,virtio,32768,2,398
17,virtio,32768,3,438
17,virtio,32768,4,407
17,virtio,65536,0,437
17,virtio,65536,1,496
17,virtio,65536,2,478
17,virtio,65536,3,516
17,virtio,65536,4,441
17,virtio,131072,0,516
17,virtio,131072,1,532
17,virtio,131072,2,573
17,virtio,131072,3,624
17,virtio,131072,4,508
17,p9ufs,512,0,3.7
17,p9ufs,512,1,3.6
17,p9ufs,512,2,3.7
17,p9ufs,512,3,3.5
17,p9ufs,512,4,3.6
17,p9ufs,1024,0,7.4
17,p9ufs,1024,1,7.3
17,p9ufs,1024,2,7.2
17,p9ufs,1024,3,7.4
17,p9ufs,1024,4,6.9
17,p9ufs,4096,0,26.6
17,p9ufs,4096,1,26.4
17,p9ufs,4096,2,27.2
17,p9ufs,4096,3,27.6
17,p9ufs,4096,4,27.9
17,p9ufs,8192,0,-1
17,p9ufs,8192,1,-1
17,p9ufs,8192,2,-1
17,p9ufs,8192,3,-1
17,p9ufs,8192,4,-1
17,p9ufs,16384,0,-1
17,p9ufs,16384,1,-1
17,p9ufs,16384,2,-1
17,p9ufs,16384,3,-1
17,p9ufs,16384,4,-1
17,p9ufs,32768,0,-1
17,p9ufs,32768,1,-1
17,p9ufs,32768,2,-1
17,p9ufs,32768,3,27.0
17,p9ufs,32768,4,-1
17,p9ufs,65536,0,-1
17,p9ufs,65536,1,-1
17,p9ufs,65536,2,-1
17,p9ufs,65536,3,-1
17,p9ufs,65536,4,-1
17,p9ufs,131072,0,-1
17,p9ufs,131072,1,-1
17,p9ufs,131072,2,-1
17,p9ufs,131072,3,-1
17,p9ufs,131072,4,27.7
17,diod,512,0,-1
17,diod,512,1,-1
17,diod,512,2,-1
17,diod,512,3,-1
17,diod,512,4,-1
17,diod,1024,0,-1
17,diod,1024,1,-1
17,diod,1024,2,-1
17,diod,1024,3,-1
17,diod,1024,4,-1
17,diod,4096,0,-1
17,diod,4096,1,-1
17,diod,4096,2,-1
17,diod,4096,3,-1
17,diod,4096,4,-1
17,diod,8192,0,-1
17,diod,8192,1,-1
17,diod,8192,2,-1
17,diod,8192,3,-1
17,diod,8192,4,-1
17,diod,16384,0,-1
17,diod,16384,1,-1
17,diod,16384,2,-1
17,diod,16384,3,-1
17,diod,16384,4,-1
17,diod,32768,0,-1
17,diod,32768,1,-1
17,diod,32768,2,-1
17,diod,32768,3,-1
17,diod,32768,4,-1
17,diod,65536,0,-1
17,diod,65536,1,-1
17,diod,65536,2,-1
17,diod,65536,3,-1
17,diod,65536,4,-1
17,diod,131072,0,-1
17,diod,131072,1,-1
17,diod,131072,2,-1
17,diod,131072,3,-1
17,diod,131072,4,-1
17,npfs,512,0,-1
17,npfs,512,1,-1
17,npfs,512,2,-1
17,npfs,512,3,-1
17,npfs,512,4,-1
17,npfs,1024,0,-1
17,npfs,1024,1,-1
17,npfs,1024,2,-1
17,npfs,1024,3,-1
17,npfs,1024,4,-1
17,npfs,4096,0,-1
17,npfs,4096,1,-1
17,npfs,4096,2,-1
17,npfs,4096,3,-1
17,npfs,4096,4,-1
17,npfs,8192,0,-1
17,npfs,8192,1,-1
17,npfs,8192,2,-1
17,npfs,8192,3,-1
17,npfs,8192,4,-1
17,npfs,16384,0,-1
17,npfs,16384,1,-1
17,npfs,16384,2,-1
17,npfs,16384,3,-1
17,npfs,16384,4,-1
17,npfs,32768,0,-1
17,npfs,32768,1,-1
17,npfs,32768,2,-1
17,npfs,32768,3,-1
17,npfs,32768,4,-1
17,npfs,65536,0,-1
17,npfs,65536,1,-1
17,npfs,65536,2,-1
17,npfs,65536,3,-1
17,npfs,65536,4,-1
17,npfs,131072,0,-1
17,npfs,131072,1,-1
17,npfs,131072,2,-1
17,npfs,131072,3,-1
17,npfs,131072,4,-1
17,cpu,512,0,-1
17,cpu,512,1,-1
17,cpu,512,2,-1
17,cpu,512,3,-1
17,cpu,512,4,-1
17,cpu,1024,0,-1
17,cpu,1024,1,-1
17,cpu,1024,2,-1
17,cpu,1024,3,-1
17,cpu,1024,4,-1
17,cpu,4096,0,-1
17,cpu,4096,1,-1
17,cpu,4096,2,-1
17,cpu,4096,3,-1
17,cpu,4096,4,-1
17,cpu,8192,0,-1
17,cpu,8192,1,-1
17,cpu,8192,2,-1
17,cpu,8192,3,-1
17,cpu,8192,4,-1
17,cpu,16384,0,-1
17,cpu,16384,1,-1
17,cpu,16384,2,-1
17,cpu,16384,3,-1
17,cpu,16384,4,-1
17,cpu,32768,0,-1
17,cpu,32768,1,-1
17,cpu,32768,2,-1
17,cpu,32768,3,-1
17,cpu,32768,4,-1
17,cpu,65536,0,-1
17,cpu,65536,1,-1
17,cpu,65536,2,-1
17,cpu,65536,3,-1
17,cpu,65536,4,-1
17,cpu,131072,0,-1
17,cpu,131072,1,-1
17,cpu,131072,2,-1
17,cpu,131072,3,-1
17,cpu,131072,4,-1
19,virtio,512,0,11.9
19,virtio,512,1,11.6
19,virtio,512,2,11.1
19,virtio,512,3,10.6
19,virtio,512,4,10.9
19,virtio,1024,0,24.3
19,virtio,1024,1,24.3
19,virtio,1024,2,20.2
19,virtio,1024,3,19.7
19,virtio,1024,4,20.4
19,virtio,4096,0,71.0
19,virtio,4096,1,77.3
19,virtio,4096,2,84.5
19,virtio,4096,3,97.8
19,virtio,4096,4,82.5
19,virtio,8192,0,127
19,virtio,8192,1,139
19,virtio,8192,2,138
19,virtio,8192,3,153
19,virtio,8192,4,143
19,virtio,16384,0,269
19,virtio,16384,1,275
19,virtio,16384,2,262
19,virtio,16384,3,276
19,virtio,16384,4,260
19,virtio,32768,0,331
19,virtio,32768,1,382
19,virtio,32768,2,416
19,virtio,32768,3,455
19,virtio,32768,4,319
19,virtio,65536,0,475
19,virtio,65536,1,544
19,virtio,65536,2,597
19,virtio,65536,3,691
19,virtio,65536,4,630
19,virtio,131072,0,617
19,virtio,131072,1,719
19,virtio,131072,2,537
19,virtio,131072,3,548
19,virtio,131072,4,618
19,p9ufs,512,0,3.7
19,p9ufs,512,1,3.4
19,p9ufs,512,2,3.5
19,p9ufs,512,3,3.4
19,p9ufs,512,4,3.4
19,p9ufs,1024,0,7.1
19,p9ufs,1024,1,7.3
19,p9ufs,1024,2,7.8
19,p9ufs,1024,3,7.8
19,p9ufs,1024,4,7.8
19,p9ufs,4096,0,26.7
19,p9ufs,4096,1,26.6
19,p9ufs,4096,2,26.7
19,p9ufs,4096,3,26.9
19,p9ufs,4096,4,26.4
19,p9ufs,8192,0,26.7
19,p9ufs,8192,1,28.2
19,p9ufs,8192,2,28.4
19,p9ufs,8192,3,26.9
19,p9ufs,8192,4,26.2
19,p9ufs,16384,0,26.3
19,p9ufs,16384,1,26.9
19,p9ufs,16384,2,27.2
19,p9ufs,16384,3,27.0
19,p9ufs,16384,4,28.5
19,p9ufs,32768,0,28.2
19,p9ufs,32768,1,27.5
19,p9ufs,32768,2,28.1
19,p9ufs,32768,3,28.8
19,p9ufs,32768,4,30.3
19,p9ufs,65536,0,29.2
19,p9ufs,65536,1,29.3
19,p9ufs,65536,2,29.5
19,p9ufs,65536,3,29.4
19,p9ufs,65536,4,29.2
19,p9ufs,131072,0,29.4
19,p9ufs,131072,1,29.4
19,p9ufs,131072,2,29.6
19,p9ufs,131072,3,29.3
19,p9ufs,131072,4,29.5
23,cpu,512,0,-1
23,cpu,512,1,-1
23,cpu,512,2,-1
23,cpu,512,3,-1
23,cpu,512,4,-1
23,cpu,1024,0,-1
23,cpu,1024,1,-1
23,cpu,1024,2,-1
23,cpu,1024,3,-1
23,cpu,1024,4,-1
23,cpu,4096,0,-1
23,cpu,4096,1,-1
23,cpu,4096,2,-1
23,cpu,4096,3,-1
23,cpu,4096,4,-1
23,cpu,8192,0,-1
23,cpu,8192,1,-1
23,cpu,8192,2,-1
23,cpu,8192,3,-1
23,cpu,8192,4,-1
23,cpu,16384,0,-1
23,cpu,16384,1,-1
23,cpu,16384,2,-1
23,cpu,16384,3,-1
23,cpu,16384,4,-1
23,cpu,32768,0,-1
23,cpu,32768,1,-1
23,cpu,32768,2,-1
23,cpu,32768,3,-1
23,cpu,32768,4,-1
23,cpu,65536,0,-1
23,cpu,65536,1,-1
23,cpu,65536,2,-1
23,cpu,65536,3,-1
23,cpu,65536,4,-1
23,cpu,131072,0,-1
23,cpu,131072,1,-1
23,cpu,131072,2,-1
23,cpu,131072,3,-1
23,cpu,131072,4,-1
24,cpu,512,0,1.6
24,cpu,512,1,1.7
24,cpu,512,2,1.7
24,cpu,512,3,1.7
24,cpu,512,4,1.7
24,cpu,1024,0,3.3
24,cpu,1024,1,3.4
24,cpu,1024,2,3.3
24,cpu,1024,3,3.3
24,cpu,1024,4,3.3
24,cpu,4096,0,11.3
24,cpu,4096,1,11.9
24,cpu,4096,2,12.0
24,cpu,4096,3,12.0
24,cpu,4096,4,11.9
24,cpu,8192,0,12.1
24,cpu,8192,1,11.7
24,cpu,8192,2,12.1
24,cpu,8192,3,12.2
24,cpu,8192,4,11.9
24,cpu,16384,0,12.2
24,cpu,16384,1,12.3
24,cpu,16384,2,12.2
24,cpu,16384,3,12.4
24,cpu,16384,4,12.1
24,cpu,32768,0,12.2
24,cpu,32768,1,12.3
24,cpu,32768,2,12.4
24,cpu,32768,3,12.4
24,cpu,32768,4,12.5
24,cpu,65536,0,12.4
24,cpu,65536,1,12.6
24,cpu,65536,2,12.6
24,cpu,65536,3,12.7
24,cpu,65536,4,12.5
24,cpu,131072,0,12.5
24,cpu,131072,1,12.5
24,cpu,131072,2,12.7
24,cpu,131072,3,12.5
24,cpu,131072,4,12.5
25,virtio,512,0,14.7
25,virtio,512,1,13.3
25,virtio,512,2,14.5
25,virtio,512,3,14.9
25,virtio,512,4,14.7
25,virtio,1024,0,29.1
25,virtio,1024,1,25.2
25,virtio,1024,2,27.7
25,virtio,1024,3,29.2
25,virtio,1024,4,27.1
25,virtio,4096,0,83.5
25,virtio,4096,1,91.1
25,virtio,4096,2,90.7
25,virtio,4096,3,82.6
25,virtio,4096,4,89.9
25,virtio,8192,0,188
25,virtio,8192,1,196
25,virtio,8192,2,156
25,virtio,8192,3,192
25,virtio,8192,4,158
25,virtio,16384,0,291
25,virtio,16384,1,249
25,virtio,16384,2,271
25,virtio,16384,3,354
25,virtio,16384,4,317
25,virtio,32768,0,403
25,virtio,32768,1,452
25,virtio,32768,2,440
25,virtio,32768,3,473
25,virtio,32768,4,385
25,virtio,65536,0,597
25,virtio,65536,1,617
25,virtio,65536,2,613
25,virtio,65536,3,632
25,virtio,65536,4,607
25,virtio,131072,0,633
25,virtio,131072,1,633
25,virtio,131072,2,631
25,virtio,131072,3,683
25,virtio,131072,4,688
25,p9ufs,512,0,3.9
25,p9ufs,512,1,4.1
25,p9ufs,512,2,4.2
25,p9ufs,512,3,4.1
25,p9ufs,512,4,4.1
25,p9ufs,1024,0,8.4
25,p9ufs,1024,1,8.1
25,p9ufs,1024,2,7.7
25,p9ufs,1024,3,8.0
25,p9ufs,1024,4,8.3
25,p9ufs,4096,0,29.8
25,p9ufs,4096,1,30.0
25,p9ufs,4096,2,30.2
25,p9ufs,4096,3,29.6
25,p9ufs,4096,4,29.7
25,p9ufs,8192,0,29.9
25,p9ufs,8192,1,29.6
25,p9ufs,8192,2,30.3
25,p9ufs,8192,3,30.0
25,p9ufs,8192,4,30.0
25,p9ufs,16384,0,30.5
25,p9ufs,16384,1,29.9
25,p9ufs,16384,2,28.0
25,p9ufs,16384,3,30.6
25,p9ufs,16384,4,30.7
25,p9ufs,32768,0,31.1
25,p9ufs,32768,1,30.8
25,p9ufs,32768,2,31.1
25,p9ufs,32768,3,31.2
25,p9ufs,32768,4,30.9
25,p9ufs,65536,0,29.8
25,p9ufs,65536,1,30.7
25,p9ufs,65536,2,29.1
25,p9ufs,65536,3,28.0
25,p9ufs,65536,4,28.9
25,p9ufs,131072,0,30.0
25,p9ufs,131072,1,28.6
25,p9ufs,131072,2,29.1
25,p9ufs,131072,3,29.5
25,p9ufs,131072,4,28.6
25,npfs,512,0,-1
25,npfs,512,1,-1
25,npfs,512,2,-1
25,npfs,512,3,-1
25,npfs,512,4,-1
25,npfs,1024,0,-1
25,npfs,1024,1,-1
25,npfs,1024,2,-1
25,npfs,1024,3,-1
25,npfs,1024,4,-1
25,npfs,4096,0,-1
25,npfs,4096,1,-1
25,npfs,4096,2,-1
25,npfs,4096,3,-1
25,npfs,4096,4,-1
25,npfs,8192,0,-1
25,npfs,8192,1,-1
25,npfs,8192,2,-1
25,npfs,8192,3,-1
25,npfs,8192,4,-1
25,npfs,16384,0,-1
25,npfs,16384,1,-1
25,npfs,16384,2,-1
25,npfs,16384,3,-1
25,npfs,16384,4,-1
25,npfs,32768,0,-1
25,npfs,32768,1,-1
25,npfs,32768,2,-1
25,npfs,32768,3,-1
25,npfs,32768,4,-1
25,npfs,65536,0,-1
25,npfs,65536,1,-1
25,npfs,65536,2,-1
25,npfs,65536,3,-1
25,npfs,65536,4,-1
25,npfs,131072,0,-1
25,npfs,131072,1,-1
25,npfs,131072,2,-1
25,npfs,131072,3,-1
25,npfs,131072,4,-1
25,cpu,512,0,1.7
25,cpu,512,1,1.7
25,cpu,512,2,1.7
25,cpu,512,3,1.7
25,cpu,512,4,1.7
25,cpu,1024,0,3.3
25,cpu,1024,1,3.3
25,cpu,1024,2,3.4
25,cpu,1024,3,3.4
25,cpu,1024,4,3.3
25,cpu,4096,0,11.6
25,cpu,4096,1,11.8
25,cpu,4096,2,11.8
25,cpu,4096,3,11.8
25,cpu,4096,4,11.8
25,cpu,8192,0,12.1
25,cpu,8192,1,12.1
25,cpu,8192,2,12.1
25,cpu,8192,3,12.2
25,cpu,8192,4,12.4
25,cpu,16384,0,12.3
25,cpu,16384,1,12.3
25,cpu,16384,2,12.4
25,cpu,16384,3,12.3
25,cpu,16384,4,12.5
25,cpu,32768,0,12.5
25,cpu,32768,1,12.5
25,cpu,32768,2,12.6
25,cpu,32768,3,12.7
25,cpu,32768,4,12.6
25,cpu,65536,0,12.3
25,cpu,65536,1,12.4
25,cpu,65536,2,13.0
25,cpu,65536,3,12.6
25,cpu,65536,4,12.5
25,cpu,131072,0,12.5
25,cpu,131072,1,12.6
25,cpu,131072,2,12.8
25,cpu,131072,3,12.6
25,cpu,131072,4,12.8
28,npfs,131072,0,58.6
28,npfs,131072,1,65.1
28,npfs,131072,2,66.2
28,npfs,131072,3,62.5
28,npfs,131072,4,62.7
28,npfs,65536,0,63.6
28,npfs,65536,1,73.3
28,npfs,65536,2,85.6
28,npfs,65536,3,75.9
28,npfs,65536,4,63.4
28,npfs,32768,0,67.3
28,npfs,32768,1,74.0
28,npfs,32768,2,78.9
28,npfs,32768,3,56.5
28,npfs,32768,4,64.3
28,npfs,16384,0,59.2
28,npfs,16384,1,64.2
28,npfs,16384,2,63.6
28,npfs,16384,3,63.2
28,npfs,16384,4,76.2
28,npfs,8192,0,72.2
28,npfs,8192,1,78.2
28,npfs,8192,2,75.9
28,npfs,8192,3,72.5
28,npfs,8192,4,74.0
28,npfs,4096,0,41.7
28,npfs,4096,1,40.5
28,npfs,4096,2,34.3
28,npfs,4096,3,32.9
28,npfs,4096,4,26.5
28,npfs,1024,0,6.7
28,npfs,1024,1,7.7
28,npfs,1024,2,8.3
28,npfs,1024,3,9.0
28,npfs,1024,4,8.1
28,npfs,512,0,4.2
28,npfs,512,1,3.7
28,npfs,512,2,5.0
28,npfs,512,3,3.8
28,npfs,512,4,3.8
29,npfs,131072,0,151
29,npfs,131072,1,196
29,npfs,131072,2,201
29,npfs,131072,3,201
29,npfs,131072,4,196
29,npfs,65536,0,196
29,npfs,65536,1,251
29,npfs,65536,2,186
29,npfs,65536,3,186
29,npfs,65536,4,191
29,npfs,32768,0,146
29,npfs,32768,1,181
29,npfs,32768,2,200
29,npfs,32768,3,193
29,npfs,32768,4,202
29,npfs,16384,0,119
29,npfs,16384,1,119
29,npfs,16384,2,118
29,npfs,16384,3,108
29,npfs,16384,4,93.4
29,npfs,8192,0,60.6
29,npfs,8192,1,57.2
29,npfs,8192,2,65.9
29,npfs,8192,3,55.8
29,npfs,8192,4,58.4
29,npfs,4096,0,35.1
29,npfs,4096,1,30.6
29,npfs,4096,2,34.9
29,npfs,4096,3,33.7
29,npfs,4096,4,30.9
29,npfs,1024,0,7.8
29,npfs,1024,1,7.9
29,npfs,1024,2,7.8
29,npfs,1024,3,7.6
29,npfs,1024,4,7.6
29,npfs,512,0,4.5
29,npfs,512,1,4.4
29,npfs,512,2,4.7
29,npfs,512,3,4.8
29,npfs,512,4,4.7
30,virtio,131072,0,382
30,virtio,131072,1,711
30,virtio,131072,2,759
30,virtio,131072,3,670
30,virtio,131072,4,699
30,virtio,65536,0,629
30,virtio,65536,1,648
30,virtio,65536,2,628
30,virtio,65536,3,629
30,virtio,65536,4,638
30,virtio,32768,0,503
30,virtio,32768,1,500
30,virtio,32768,2,508
30,virtio,32768,3,514
30,virtio,32768,4,508
30,virtio,16384,0,305
30,virtio,16384,1,287
30,virtio,16384,2,259
30,virtio,16384,3,226
30,virtio,16384,4,266
30,virtio,8192,0,179
30,virtio,8192,1,140
30,virtio,8192,2,145
30,virtio,8192,3,147
30,virtio,8192,4,142
30,virtio,4096,0,78.4
30,virtio,4096,1,82.7
30,virtio,4096,2,99.3
30,virtio,4096,3,98.8
30,virtio,4096,4,75.6
30,virtio,1024,0,19.4
30,virtio,1024,1,19.3
30,virtio,1024,2,19.3
30,virtio,1024,3,19.6
30,virtio,1024,4,19.4
30,virtio,512,0,11.0
30,virtio,512,1,12.5
30,virtio,512,2,11.8
30,virtio,512,3,11.2
30,virtio,512,4,11.2
30,p9ufs,131072,0,28.0
30,p9ufs,131072,1,28.1
30,p9ufs,131072,2,28.4
30,p9ufs,131072,3,27.6
30,p9ufs,131072,4,27.8
30,p9ufs,65536,0,28.2
30,p9ufs,65536,1,29.5
30,p9ufs,65536,2,29.7
30,p9ufs,65536,3,29.4
30,p9ufs,65536,4,29.7
30,p9ufs,32768,0,30.1
30,p9ufs,32768,1,29.6
30,p9ufs,32768,2,29.7
30,p9ufs,32768,3,29.2
30,p9ufs,32768,4,30.0
30,p9ufs,16384,0,29.6
30,p9ufs,16384,1,29.1
30,p9ufs,16384,2,30.3
30,p9ufs,16384,3,30.0
30,p9ufs,16384,4,30.4
30,p9ufs,8192,0,29.3
30,p9ufs,8192,1,29.9
30,p9ufs,8192,2,30.7
30,p9ufs,8192,3,29.3
30,p9ufs,8192,4,29.7
30,p9ufs,4096,0,29.9
30,p9ufs,4096,1,29.2
30,p9ufs,4096,2,30.2
30,p9ufs,4096,3,29.9
30,p9ufs,4096,4,28.2
30,p9ufs,1024,0,8.1
30,p9ufs,1024,1,7.7
30,p9ufs,1024,2,7.6
30,p9ufs,1024,3,7.4
30,p9ufs,1024,4,8.1
30,p9ufs,512,0,3.9
30,p9ufs,512,1,3.8
30,p9ufs,512,2,3.8
30,p9ufs,512,3,3.8
30,p9ufs,512,4,3.7
30,npfs,131072,0,-1
30,npfs,131072,1,-1
30,npfs,131072,2,-1
30,npfs,131072,3,-1
30,npfs,131072,4,-1
30,npfs,65536,0,-1
30,npfs,65536,1,-1
30,npfs,65536,2,-1
30,npfs,65536,3,-1
30,npfs,65536,4,-1
30,npfs,32768,0,-1
30,npfs,32768,1,-1
30,npfs,32768,2,-1
30,npfs,32768,3,-1
30,npfs,32768,4,-1
30,npfs,16384,0,-1
30,npfs,16384,1,-1
30,npfs,16384,2,-1
30,npfs,16384,3,-1
30,npfs,16384,4,-1
30,npfs,8192,0,-1
30,npfs,8192,1,-1
30,npfs,8192,2,-1
30,npfs,8192,3,-1
30,npfs,8192,4,-1
30,npfs,4096,0,-1
30,npfs,4096,1,-1
30,npfs,4096,2,-1
30,npfs,4096,3,-1
30,npfs,4096,4,-1
30,npfs,1024,0,-1
30,npfs,1024,1,-1
30,npfs,1024,2,-1
30,npfs,1024,3,-1
30,npfs,1024,4,-1
30,npfs,512,0,-1
30,npfs,512,1,-1
30,npfs,512,2,-1
30,npfs,512,3,-1
30,npfs,512,4,-1
30,cpu,131072,0,-1
30,cpu,131072,1,-1
30,cpu,131072,2,-1
30,cpu,131072,3,-1
30,cpu,131072,4,-1
30,cpu,65536,0,-1
30,cpu,65536,1,-1
30,cpu,65536,2,-1
30,cpu,65536,3,-1
30,cpu,65536,4,-1
30,cpu,32768,0,-1
30,cpu,32768,1,-1
30,cpu,32768,2,-1
30,cpu,32768,3,-1
30,cpu,32768,4,-1
30,cpu,16384,0,-1
30,cpu,16384,1,-1
30,cpu,16384,2,-1
30,cpu,16384,3,-1
30,cpu,16384,4,-1
30,cpu,8192,0,-1
30,cpu,8192,1,-1
30,cpu,8192,2,-1
30,cpu,8192,3,-1
30,cpu,8192,4,-1
30,cpu,4096,0,-1
30,cpu,4096,1,-1
30,cpu,4096,2,-1
30,cpu,4096,3,-1
30,cpu,4096,4,-1
30,cpu,1024,0,-1
30,cpu,1024,1,-1
30,cpu,1024,2,-1
30,cpu,1024,3,-1
30,cpu,1024,4,-1
30,cpu,512,0,-1
30,cpu,512,1,-1
30,cpu,512,2,-1
30,cpu,512,3,-1
30,cpu,512,4,-1
33,npfs,131072,0,183
34,npfs,131072,0,210.0
34,npfs,131072,1,209.0
34,npfs,131072,2,188.0
34,npfs,131072,3,197.0
34,npfs,131072,4,187.0
34,npfs,65536,0,191.0
34,npfs,65536,1,187.0
34,npfs,65536,2,191.0
34,npfs,65536,3,190.0
34,npfs,65536,4,198.0
34,npfs,32768,0,167.0
34,npfs,32768,1,178.0
34,npfs,32768,2,179.0
34,npfs,32768,3,163.0
34,npfs,32768,4,160.0
34,npfs,16384,0,125.0
34,npfs,16384,1,124.0
34,npfs,16384,2,108.0
34,npfs,16384,3,125.0
34,npfs,16384,4,122.0
34,npfs,8192,0,72.1
34,npfs,8192,1,73.0
34,npfs,8192,2,72.9
34,npfs,8192,3,68.7
34,npfs,8192,4,71.6
34,npfs,4096,0,45.0
34,npfs,4096,1,42.0
34,npfs,4096,2,43.3
34,npfs,4096,3,41.3
34,npfs,4096,4,45.4
34,npfs,1024,0,9.2
34,npfs,1024,1,8.9
34,npfs,1024,2,8.2
34,npfs,1024,3,7.9
34,npfs,1024,4,8.9
34,npfs,512,0,4.9
34,npfs,512,1,4.7
34,npfs,512,2,5.3
34,npfs,512,3,4.9
34,npfs,512,4,4.7
35,virtio,131072,0,757.0
35,virtio,131072,1,807.0
35,virtio,131072,2,785.0
35,virtio,131072,3,817.0
35,virtio,131072,4,657.0
35,virtio,65536,0,569.0
35,virtio,65536,1,624.0
35,virtio,65536,2,624.0
35,virtio,65536,3,655.0
35,virtio,65536,4,594.0
35,virtio,32768,0,449.0
35,virtio,32768,1,447.0
35,virtio,32768,2,467.0
35,virtio,32768,3,446.0
35,virtio,32768,4,396.0
35,virtio,16384,0,256.0
35,virtio,16384,1,268.0
35,virtio,16384,2,331.0
35,virtio,16384,3,261.0
35,virtio,16384,4,328.0
35,virtio,8192,0,181.0
35,virtio,8192,1,155.0
35,virtio,8192,2,180.0
35,virtio,8192,3,144.0
35,virtio,8192,4,146.0
35,virtio,4096,0,78.2
35,virtio,4096,1,78.6
35,virtio,4096,2,98.8
35,virtio,4096,3,72.7
35,virtio,4096,4,93.7
35,virtio,1024,0,22.6
35,virtio,1024,1,23.3
35,virtio,1024,2,18.3
35,virtio,1024,3,20.5
35,virtio,1024,4,26.7
35,virtio,512,0,12.8
35,virtio,512,1,12.2
35,virtio,512,2,9.1
35,virtio,512,3,13.4
35,virtio,512,4,13.2
35,npfs,131072,0,190.0
35,npfs,131072,1,220.0
35,npfs,131072,2,184.0
35,npfs,131072,3,204.0
35,npfs,131072,4,208.0
35,npfs,65536,0,198.0
35,npfs,65536,1,181.0
35,npfs,65536,2,184.0
35,npfs,65536,3,211.0
35,npfs,65536,4,166.0
35,npfs,32768,0,152.0
35,npfs,32768,1,166.0
35,npfs,32768,2,163.0
35,npfs,32768,3,158.0
35,npfs,32768,4,191.0
35,npfs,16384,0,124.0
35,npfs,16384,1,118.0
35,npfs,16384,2,125.0
35,npfs,16384,3,108.0
35,npfs,16384,4,95.3
35,npfs,8192,0,55.9
35,npfs,8192,1,68.3
35,npfs,8192,2,71.9
35,npfs,8192,3,73.8
35,npfs,8192,4,73.7
35,npfs,4096,0,44.8
35,npfs,4096,1,38.7
35,npfs,4096,2,39.6
35,npfs,4096,3,37.0
35,npfs,4096,4,44.2
35,npfs,1024,0,9.5
35,npfs,1024,1,9.6
35,npfs,1024,2,10.5
35,npfs,1024,3,9.0
35,npfs,1024,4,9.6
35,npfs,512,0,5.1
35,npfs,512,1,4.7
35,npfs,512,2,4.7
35,npfs,512,3,4.8
35,npfs,512,4,4.7
35,p9ufs,131072,0,189.0
35,p9ufs,131072,1,205.0
35,p9ufs,131072,2,197.0
35,p9ufs,131072,3,218.0
35,p9ufs,131072,4,196.0
35,p9ufs,65536,0,197.0
35,p9ufs,65536,1,204.0
35,p9ufs,65536,2,178.0
35,p9ufs,65536,3,228.0
35,p9ufs,65536,4,196.0
35,p9ufs,32768,0,138.0
35,p9ufs,32768,1,131.0
35,p9ufs,32768,2,135.0
35,p9ufs,32768,3,158.0
35,p9ufs,32768,4,142.0
35,p9ufs,16384,0,102.0
35,p9ufs,16384,1,120.0
35,p9ufs,16384,2,111.0
35,p9ufs,16384,3,120.0
35,p9ufs,16384,4,101.0
35,p9ufs,8192,0,73.9
35,p9ufs,8192,1,69.8
35,p9ufs,8192,2,60.9
35,p9ufs,8192,3,57.6
35,p9ufs,8192,4,61.0
35,p9ufs,4096,0,30.0
35,p9ufs,4096,1,31.1
35,p9ufs,4096,2,31.1
35,p9ufs,4096,3,31.0
35,p9ufs,4096,4,29.4
35,p9ufs,1024,0,8.6
35,p9ufs,1024,1,9.4
35,p9ufs,1024,2,9.9
35,p9ufs,1024,3,9.1
35,p9ufs,1024,4,8.6
35,p9ufs,512,0,4.9
35,p9ufs,512,1,4.8
35,p9ufs,512,2,4.9
35,p9ufs,512,3,4.7
35,p9ufs,512,4,4.8
39,virtio,131072,0,3.3
39,virtio,131072,1,3.4
39,virtio,131072,2,3.6
39,virtio,131072,3,3.3
39,virtio,131072,4,3.3
39,virtio,65536,0,1.6
39,virtio,65536,1,1.7
39,virtio,65536,2,1.9
39,virtio,65536,3,1.6
39,virtio,65536,4,1.7
40,virtio,131072,0,10.2
40,virtio,131072,1,10.4
40,virtio,131072,2,10.5
40,virtio,131072,3,9.5
40,virtio,131072,4,9.9
40,virtio,65536,0,8.5
40,virtio,65536,1,8.7
40,virtio,65536,2,7.9
40,virtio,65536,3,8.5
40,virtio,65536,4,8.5
40,virtio,32768,0,7.6
40,virtio,32768,1,7.2
40,virtio,32768,2,7.8
40,virtio,32768,3,7.7
40,virtio,32768,4,7.3
40,virtio,16384,0,6.8
40,virtio,16384,1,7.5
40,virtio,16384,2,6.9
40,virtio,16384,3,7.0
40,virtio,16384,4,7.6
40,virtio,8192,0,6.6
40,virtio,8192,1,7.2
40,virtio,8192,2,6.9
40,virtio,8192,3,6.8
40,virtio,8192,4,6.2
40,virtio,4096,0,6.7
40,virtio,4096,1,6.1
40,virtio,4096,2,6.7
40,virtio,4096,3,6.5
40,virtio,4096,4,6.5
40,virtio,1024,0,5.7
40,virtio,1024,1,5.6
40,virtio,1024,2,5.3
40,virtio,1024,3,5.6
40,virtio,1024,4,5.4
40,virtio,512,0,4.6
40,virtio,512,1,4.1
40,virtio,512,2,4.3
40,virtio,512,3,4.1
40,virtio,512,4,4.5
40,npfs,131072,0,4.5
40,npfs,131072,1,4.6
40,npfs,131072,2,9.9
40,npfs,131072,3,4.2
40,npfs,131072,4,9.4
40,npfs,65536,0,8.3
40,npfs,65536,1,8.8
40,npfs,65536,2,8.6
40,npfs,65536,3,8.3
40,npfs,65536,4,8.6
40,npfs,32768,0,7.4
40,npfs,32768,1,7.7
40,npfs,32768,2,8.0
40,npfs,32768,3,7.4
40,npfs,32768,4,7.6
40,npfs,16384,0,6.8
40,npfs,16384,1,7.0
40,npfs,16384,2,7.3
40,npfs,16384,3,6.9
40,npfs,16384,4,6.9
40,npfs,8192,0,6.2
40,npfs,8192,1,6.6
40,npfs,8192,2,6.9
40,npfs,8192,3,6.6
40,npfs,8192,4,6.4
40,npfs,4096,0,5.8
40,npfs,4096,1,5.7
40,npfs,4096,2,6.1
40,npfs,4096,3,6.1
40,npfs,4096,4,6.2
40,npfs,1024,0,4.0
40,npfs,1024,1,3.8
40,npfs,1024,2,3.9
40,npfs,1024,3,3.9
40,npfs,1024,4,3.8
40,npfs,512,0,2.6
40,npfs,512,1,2.8
40,npfs,512,2,2.6
40,npfs,512,3,2.7
40,npfs,512,4,2.6
40,p9ufs,131072,0,9.5
40,p9ufs,131072,1,4.5
40,p9ufs,131072,2,4.5
40,p9ufs,131072,3,4.6
40,p9ufs,131072,4,9.6
40,p9ufs,65536,0,8.2
40,p9ufs,65536,1,8.4
40,p9ufs,65536,2,8.9
40,p9ufs,65536,3,8.3
40,p9ufs,65536,4,8.6
40,p9ufs,32768,0,8.0
40,p9ufs,32768,1,7.3
40,p9ufs,32768,2,8.2
40,p9ufs,32768,3,7.3
40,p9ufs,32768,4,7.5
40,p9ufs,16384,0,7.3
40,p9ufs,16384,1,6.7
40,p9ufs,16384,2,7.7
40,p9ufs,16384,3,6.4
40,p9ufs,16384,4,7.2
40,p9ufs,8192,0,6.3
40,p9ufs,8192,1,7.0
40,p9ufs,8192,2,7.0
40,p9ufs,8192,3,6.8
40,p9ufs,8192,4,6.8
40,p9ufs,4096,0,6.0
40,p9ufs,4096,1,6.4
40,p9ufs,4096,2,6.5
40,p9ufs,4096,3,6.0
40,p9ufs,4096,4,6.3
40,p9ufs,1024,0,4.2
40,p9ufs,1024,1,4.3
40,p9ufs,1024,2,4.1
40,p9ufs,1024,3,4.2
40,p9ufs,1024,4,4.5
40,p9ufs,512,0,3.0
40,p9ufs,512,1,3.0
40,p9ufs,512,2,2.8
40,p9ufs,512,3,2.8
40,p9ufs,512,4,2.9
40,cpu,131072,0,5.9
40,cpu,131072,1,5.8
40,cpu,131072,2,5.3
40,cpu,131072,3,5.4
40,cpu,131072,4,5.5
40,cpu,65536,0,5.2
40,cpu,65536,1,5.1
40,cpu,65536,2,4.8
40,cpu,65536,3,4.8
40,cpu,65536,4,4.8
40,cpu,32768,0,4.8
40,cpu,32768,1,4.5
40,cpu,32768,2,4.8
40,cpu,32768,3,4.7
40,cpu,32768,4,5.0
40,cpu,16384,0,4.3
40,cpu,16384,1,4.5
40,cpu,16384,2,4.7
40,cpu,16384,3,4.4
40,cpu,16384,4,4.4
40,cpu,8192,0,4.3
41,virtio,131072,0,606.0
41,virtio,131072,1,611.0
41,virtio,131072,2,481.0
41,virtio,131072,3,484.0
41,virtio,131072,4,583.0
41,virtio,65536,0,476.0
41,virtio,65536,1,632.0
41,virtio,65536,2,564.0
41,virtio,65536,3,530.0
41,virtio,65536,4,564.0
41,virtio,32768,0,449.0
41,virtio,32768,1,388.0
41,virtio,32768,2,377.0
41,virtio,32768,3,435.0
41,virtio,32768,4,507.0
41,virtio,16384,0,303.0
41,virtio,16384,1,280.0
41,virtio,16384,2,296.0
41,virtio,16384,3,241.0
41,virtio,16384,4,283.0
41,virtio,8192,0,193.0
41,virtio,8192,1,187.0
41,virtio,8192,2,201.0
41,virtio,8192,3,185.0
42,virtio,131072,0,707.0
42,virtio,131072,1,733.0
42,virtio,131072,2,661.0
42,virtio,131072,3,670.0
42,virtio,131072,4,707.0
42,virtio,65536,0,564.0
42,virtio,65536,1,509.0
42,virtio,65536,2,641.0
42,virtio,65536,3,671.0
42,virtio,65536,4,628.0
42,virtio,32768,0,418.0
42,virtio,32768,1,444.0
42,virtio,32768,2,455.0
42,virtio,32768,3,449.0
42,virtio,32768,4,402.0
42,virtio,16384,0,247.0
42,virtio,16384,1,259.0
42,virtio,16384,2,244.0
42,virtio,16384,3,274.0
42,virtio,16384,4,359.0
42,virtio,8192,0,201.0
42,virtio,8192,1,198.0
42,virtio,8192,2,196.0
42,virtio,8192,3,175.0
42,virtio,8192,4,213.0
42,virtio,4096,0,101.0
42,virtio,4096,1,114.0
42,virtio,4096,2,110.0
42,virtio,4096,3,79.1
42,virtio,4096,4,86.6
42,virtio,1024,0,28.9
42,virtio,1024,1,28.8
42,virtio,1024,2,29.3
42,virtio,1024,3,30.2
42,virtio,1024,4,26.7
42,virtio,512,0,14.4
42,virtio,512,1,14.7
42,virtio,512,2,15.3
42,virtio,512,3,15.0
42,virtio,512,4,15.3
42,npfs,131072,0,200.0
42,npfs,131072,1,203.0
42,npfs,131072,2,212.0
42,npfs,131072,3,214.0
42,npfs,131072,4,213.0
42,npfs,65536,0,177.0
42,npfs,65536,1,190.0
42,npfs,65536,2,173.0
42,npfs,65536,3,195.0
42,npfs,65536,4,194.0
42,npfs,32768,0,172.0
42,npfs,32768,1,189.0
42,npfs,32768,2,157.0
42,npfs,32768,3,138.0
42,npfs,32768,4,159.0
42,npfs,16384,0,102.0
42,npfs,16384,1,95.5
42,npfs,16384,2,98.4
42,npfs,16384,3,121.0
42,npfs,16384,4,117.0
42,npfs,8192,0,67.2
42,npfs,8192,1,69.4
42,npfs,8192,2,54.7
42,npfs,8192,3,61.4
42,npfs,8192,4,59.9
42,npfs,4096,0,34.5
42,npfs,4096,1,33.6
42,npfs,4096,2,34.8
42,npfs,4096,3,33.6
42,npfs,4096,4,34.2
42,npfs,1024,0,9.5
42,npfs,1024,1,9.8
42,npfs,1024,2,9.9
42,npfs,1024,3,9.7
42,npfs,1024,4,9.6
42,npfs,512,0,4.8
42,npfs,512,1,4.8
42,npfs,512,2,4.9
42,npfs,512,3,5.0
42,npfs,512,4,5.0
42,p9ufs,131072,0,202.0
42,p9ufs,131072,1,203.0
42,p9ufs,131072,2,181.0
42,p9ufs,131072,3,229.0
42,p9ufs,131072,4,187.0
42,p9ufs,65536,0,184.0
42,p9ufs,65536,1,208.0
42,p9ufs,65536,2,177.0
42,p9ufs,65536,3,200.0
42,p9ufs,65536,4,176.0
42,p9ufs,32768,0,150.0
42,p9ufs,32768,1,140.0
42,p9ufs,32768,2,151.0
42,p9ufs,32768,3,152.0
42,p9ufs,32768,4,147.0
42,p9ufs,16384,0,98.9
42,p9ufs,16384,1,103.0
42,p9ufs,16384,2,97.6
42,p9ufs,16384,3,107.0
42,p9ufs,16384,4,99.8
42,p9ufs,8192,0,62.0
42,p9ufs,8192,1,61.9
42,p9ufs,8192,2,59.2
42,p9ufs,8192,3,62.2
42,p9ufs,8192,4,58.8
42,p9ufs,4096,0,36.0
42,p9ufs,4096,1,33.3
42,p9ufs,4096,2,34.1
42,p9ufs,4096,3,33.5
42,p9ufs,4096,4,33.8
42,p9ufs,1024,0,9.6
42,p9ufs,1024,1,9.6
42,p9ufs,1024,2,9.3
42,p9ufs,1024,3,9.1
42,p9ufs,1024,4,9.6
42,p9ufs,512,0,4.9
42,p9ufs,512,1,4.9
42,p9ufs,512,2,5.1
42,p9ufs,512,3,4.9
42,p9ufs,512,4,4.8
43,virtio,131072,0,6.6
43,virtio,131072,1,6.8
43,virtio,131072,2,6.7
43,virtio,131072,3,6.8
43,virtio,131072,4,6.4
43,virtio,65536,0,6.8
43,virtio,65536,1,6.7
43,virtio,65536,2,6.7
43,virtio,65536,3,7.0
43,virtio,65536,4,6.2
44,p9ufs,131072,0,6.5
44,p9ufs,131072,1,3.3
44,p9ufs,131072,2,3.2
44,p9ufs,131072,3,3.2
44,p9ufs,131072,4,6.4
44,p9ufs,65536,0,6.3
44,p9ufs,65536,1,6.7
44,p9ufs,65536,2,6.6
44,p9ufs,65536,3,7.0
44,p9ufs,65536,4,6.6
45,p9ufs,1024,0,4.0
45,p9ufs,1024,1,4.3
45,p9ufs,1024,2,4.0
45,p9ufs,1024,3,4.0
45,p9ufs,1024,4,4.0
45,p9ufs,512,0,2.8
45,p9ufs,512,1,2.7
45,p9ufs,512,2,2.7
45,p9ufs,512,3,2.7
45,p9ufs,512,4,2.8
47,cpu,1024,0,2.2
47,cpu,1024,1,2.2
47,cpu,1024,2,2.2
47,cpu,1024,3,2.2
47,cpu,1024,4,2.1
47,cpu,512,0,1.3
47,cpu,512,1,1.3
47,cpu,512,2,1.3
47,cpu,512,3,1.3
47,cpu,512,4,1.4
49,virtio,1024,0,5.7
49,virtio,1024,1,5.0
49,virtio,1024,2,5.4
49,virtio,1024,3,5.0
49,virtio,1024,4,5.2
49,virtio,512,0,4.0
49,virtio,512,1,4.6
49,virtio,512,2,4.8
49,virtio,512,3,4.5
49,virtio,512,4,4.1
50,virtio,1024,0,5.5
50,virtio,1024,1,4.9
50,virtio,1024,2,4.9
50,virtio,1024,3,4.7
50,virtio,1024,4,5.3
50,virtio,512,0,4.7
50,virtio,512,1,5.0
50,virtio,512,2,5.2
50,virtio,512,3,4.3
50,virtio,512,4,4.5
51,virtio,1024,0,5.1
51,virtio,1024,1,5.3
51,virtio,1024,2,5.2
51,virtio,1024,3,5.0
51,virtio,1024,4,5.1
51,virtio,512,0,4.9
51,virtio,512,1,4.6
51,virtio,512,2,4.7
51,virtio,512,3,4.5
51,virtio,512,4,4.8
52,virtio,1024,0,5.8
52,virtio,1024,1,5.3
52,virtio,1024,2,5.3
52,virtio,1024,3,4.9
52,virtio,1024,4,5.4
52,virtio,512,0,4.1
52,virtio,512,1,5.0
52,virtio,512,2,4.3
52,virtio,512,3,4.3
52,virtio,512,4,4.1
53,virtio,1024,0,5.3
53,virtio,1024,1,4.8
53,virtio,1024,2,5.3
53,virtio,1024,3,5.4
53,virtio,1024,4,5.4
53,virtio,512,0,3.9
53,virtio,512,1,4.7
53,virtio,512,2,4.5
53,virtio,512,3,4.4
53,virtio,512,4,4.9
54,virtio,1024,0,5.5
54,virtio,1024,1,5.8
54,virtio,1024,2,5.6
54,virtio,1024,3,5.7
54,virtio,1024,4,5.2
54,virtio,512,0,4.5
54,virtio,512,1,4.7
54,virtio,512,2,4.8
54,virtio,512,3,4.8
54,virtio,512,4,4.8
55,virtio,1024,0,5.5
55,virtio,1024,1,5.3
55,virtio,1024,2,5.8
55,virtio,1024,3,5.5
55,virtio,1024,4,5.7
55,virtio,512,0,4.2
55,virtio,512,1,4.5
55,virtio,512,2,4.6
55,virtio,512,3,4.8
55,virtio,512,4,4.6
56,virtio,1024,0,5.0
56,virtio,1024,1,5.0
56,virtio,1024,2,5.3
56,virtio,1024,3,5.0
56,virtio,1024,4,5.3
56,virtio,512,0,4.2
56,virtio,512,1,4.2
56,virtio,512,2,4.6
56,virtio,512,3,4.6
56,virtio,512,4,4.3
57,virtio,1024,0,5.2
57,virtio,1024,1,4.8
57,virtio,1024,2,5.2
57,virtio,1024,3,5.2
57,virtio,1024,4,5.0
57,virtio,512,0,4.5
57,virtio,512,1,4.5
57,virtio,512,2,4.1
57,virtio,512,3,4.0
57,virtio,512,4,4.7
58,virtio,1024,0,5.3
58,virtio,1024,1,5.0
58,virtio,1024,2,5.4
58,virtio,1024,3,5.0
58,virtio,1024,4,5.2
58,virtio,512,0,4.3
58,virtio,512,1,4.3
58,virtio,512,2,4.1
58,virtio,512,3,4.3
58,virtio,512,4,4.3
59,virtio,1024,0,5.4
59,virtio,1024,1,4.9
59,virtio,1024,2,5.0
59,virtio,1024,3,5.6
59,virtio,1024,4,6.1
59,virtio,512,0,4.8
59,virtio,512,1,4.2
59,virtio,512,2,4.7
59,virtio,512,3,4.8
59,virtio,512,4,4.4
60,virtio,1024,0,5.1
60,virtio,1024,1,5.1
60,virtio,1024,2,5.1
60,virtio,1024,3,5.2
60,virtio,1024,4,5.1
60,virtio,512,0,4.3
60,virtio,512,1,4.3
60,virtio,512,2,4.2
60,virtio,512,3,4.3
60,virtio,512,4,5.0
61,virtio,1024,0,5.3
61,virtio,1024,1,5.2
61,virtio,1024,2,5.2
61,virtio,1024,3,5.2
61,virtio,1024,4,4.9
61,virtio,512,0,4.3
61,virtio,512,1,4.0
61,virtio,512,2,4.7
61,virtio,512,3,4.1
61,virtio,512,4,4.8
62,virtio,1024,0,5.2
62,virtio,1024,1,5.4
62,virtio,1024,2,5.1
62,virtio,1024,3,5.0
62,virtio,1024,4,5.4
62,virtio,512,0,4.2
62,virtio,512,1,5.3
62,virtio,512,2,4.6
62,virtio,512,3,4.5
62,virtio,512,4,4.7
63,virtio,1024,0,5.7
63,virtio,1024,1,5.1
63,virtio,1024,2,4.7
63,virtio,1024,3,4.6
63,virtio,1024,4,5.4
63,virtio,512,0,4.6
63,virtio,512,1,3.9
63,virtio,512,2,4.0
63,virtio,512,3,4.3
63,virtio,512,4,4.7
64,virtio,1024,0,5.7
64,virtio,1024,1,5.7
64,virtio,1024,2,5.0
64,virtio,1024,3,5.1
64,virtio,1024,4,5.7
64,virtio,512,0,4.1
64,virtio,512,1,4.5
64,virtio,512,2,4.1
64,virtio,512,3,4.1
64,virtio,512,4,4.7
65,virtio,1024,0,5.1
65,virtio,1024,1,5.1
65,virtio,1024,2,5.3
65,virtio,1024,3,5.2
65,virtio,1024,4,5.0
65,virtio,512,0,3.9
65,virtio,512,1,4.2
65,virtio,512,2,4.7
65,virtio,512,3,4.0
65,virtio,512,4,4.7
66,virtio,1024,0,5.1
66,virtio,1024,1,5.1
66,virtio,1024,2,5.6
66,virtio,1024,3,5.0
66,virtio,1024,4,5.1
66,virtio,512,0,4.7
66,virtio,512,1,4.3
66,virtio,512,2,4.3
66,virtio,512,3,4.0
66,virtio,512,4,4.6
67,virtio,1024,0,5.2
67,virtio,1024,1,5.1
67,virtio,1024,2,5.1
67,virtio,1024,3,4.8
67,virtio,1024,4,5.6
67,virtio,512,0,4.2
67,virtio,512,1,4.0
67,virtio,512,2,3.9
67,virtio,512,3,4.9
67,virtio,512,4,3.9
68,virtio,1024,0,4.8
68,virtio,1024,1,5.4
68,virtio,1024,2,5.9
68,virtio,1024,3,5.3
68,virtio,1024,4,5.2
68,virtio,512,0,4.7
68,virtio,512,1,4.5
68,virtio,512,2,4.8
68,virtio,512,3,4.4
68,virtio,512,4,4.1
69,virtio,131072,0,6.8
69,virtio,131072,1,6.9
69,virtio,131072,2,6.6
69,virtio,131072,3,6.4
69,virtio,131072,4,6.6
69,virtio,65536,0,7.0
69,virtio,65536,1,6.8
69,virtio,65536,2,7.2
69,virtio,65536,3,6.9
69,virtio,65536,4,6.9
69,virtio,32768,0,6.7
69,virtio,32768,1,6.9
69,virtio,32768,2,7.2
69,virtio,32768,3,6.4
69,virtio,32768,4,6.0
69,virtio,16384,0,6.9
69,virtio,16384,1,6.8
69,virtio,16384,2,6.9
69,virtio,16384,3,7.2
69,virtio,16384,4,6.1
69,virtio,8192,0,6.0
69,virtio,8192,1,6.9
69,virtio,8192,2,6.9
69,virtio,8192,3,6.9
69,virtio,8192,4,6.5
69,virtio,4096,0,6.3
69,virtio,4096,1,6.3
69,virtio,4096,2,6.8
69,virtio,4096,3,6.5
69,virtio,4096,4,6.8
70,virtio,131072,0,6.6
70,virtio,131072,1,7.0
70,virtio,131072,2,6.9
70,virtio,131072,3,6.5
70,virtio,131072,4,6.6
70,virtio,65536,0,6.7
70,virtio,65536,1,6.7
70,virtio,65536,2,6.6
70,virtio,65536,3,7.1
70,virtio,65536,4,6.8
70,virtio,32768,0,6.9
70,virtio,32768,1,6.9
70,virtio,32768,2,7.1
70,virtio,32768,3,7.0
70,virtio,32768,4,6.5
70,virtio,16384,0,6.4
70,virtio,16384,1,6.7
70,virtio,16384,2,6.4
70,virtio,16384,3,7.2
70,virtio,16384,4,7.0
70,virtio,8192,0,6.5
70,virtio,8192,1,7.1
70,virtio,8192,2,7.0
70,virtio,8192,3,7.0
70,virtio,8192,4,6.5
70,virtio,4096,0,6.4
70,virtio,4096,1,5.8
70,virtio,4096,2,6.5
70,virtio,4096,3,6.7
70,virtio,4096,4,7.0
70,virtio,1024,0,5.7
70,virtio,1024,1,5.3
70,virtio,1024,2,5.1
70,virtio,1024,3,5.5
70,virtio,1024,4,5.8
70,virtio,512,0,4.6
70,virtio,512,1,4.2
70,virtio,512,2,4.4
70,virtio,512,3,4.3
70,virtio,512,4,4.6
71,virtio,131072,0,6.8
71,virtio,131072,1,6.9
71,virtio,131072,2,7.3
71,virtio,131072,3,6.8
71,virtio,131072,4,6.7
71,virtio,65536,0,6.9
71,virtio,65536,1,6.9
71,virtio,65536,2,6.9
71,virtio,65536,3,6.6
71,virtio,65536,4,7.1
71,virtio,32768,0,7.0
71,virtio,32768,1,6.6
71,virtio,32768,2,7.0
71,virtio,32768,3,6.6
71,virtio,32768,4,6.4
71,virtio,16384,0,6.5
71,virtio,16384,1,7.1
71,virtio,16384,2,7.0
71,virtio,16384,3,6.9
71,virtio,16384,4,6.3
71,virtio,8192,0,6.6
71,virtio,8192,1,6.8
71,virtio,8192,2,6.8
71,virtio,8192,3,6.9
71,virtio,8192,4,6.8
71,virtio,4096,0,6.9
71,virtio,4096,1,6.8
71,virtio,4096,2,6.8
71,virtio,4096,3,6.7
71,virtio,4096,4,6.5
71,virtio,1024,0,5.5
71,virtio,1024,1,5.2
71,virtio,1024,2,5.3
71,virtio,1024,3,5.4
71,virtio,1024,4,5.5
71,virtio,512,0,4.5
71,virtio,512,1,4.5
71,virtio,512,2,4.3
71,virtio,512,3,4.3
71,virtio,512,4,4.4
72,virtio,131072,0,7.8
72,virtio,131072,1,6.9
72,virtio,131072,2,7.5
72,virtio,131072,3,6.6
72,virtio,131072,4,6.8
72,virtio,65536,0,6.6
72,virtio,65536,1,7.2
72,virtio,65536,2,7.2
72,virtio,65536,3,7.5
72,virtio,65536,4,7.3
72,virtio,32768,0,7.0
72,virtio,32768,1,7.2
72,virtio,32768,2,7.4
72,virtio,32768,3,7.3
72,virtio,32768,4,7.3
72,virtio,16384,0,7.1
72,virtio,16384,1,6.7
72,virtio,16384,2,7.2
72,virtio,16384,3,7.4
72,virtio,16384,4,7.3
72,virtio,8192,0,6.5
72,virtio,8192,1,6.8
72,virtio,8192,2,7.1
72,virtio,8192,3,7.0
72,virtio,8192,4,7.0
72,virtio,4096,0,7.0
72,virtio,4096,1,6.3
72,virtio,4096,2,7.0
72,virtio,4096,3,6.3
72,virtio,4096,4,6.7
72,virtio,1024,0,5.4
72,virtio,1024,1,5.1
72,virtio,1024,2,5.4
72,virtio,1024,3,5.3
72,virtio,1024,4,5.4
72,virtio,512,0,4.2
72,virtio,512,1,4.2
72,virtio,512,2,4.0
72,virtio,512,3,4.2
72,virtio,512,4,4.0
73,virtio,131072,0,6.6
73,virtio,131072,1,6.8
73,virtio,131072,2,6.9
73,virtio,131072,3,6.7
73,virtio,131072,4,6.7
73,virtio,65536,0,6.9
73,virtio,65536,1,7.1
73,virtio,65536,2,6.8
73,virtio,65536,3,6.7
73,virtio,65536,4,7.0
73,virtio,32768,0,6.8
73,virtio,32768,1,6.8
73,virtio,32768,2,6.9
73,virtio,32768,3,6.9
73,virtio,32768,4,6.7
73,virtio,16384,0,7.1
73,virtio,16384,1,6.9
73,virtio,16384,2,6.8
73,virtio,16384,3,7.1
73,virtio,16384,4,7.3
73,virtio,8192,0,6.5
73,virtio,8192,1,6.9
73,virtio,8192,2,7.2
73,virtio,8192,3,7.0
73,virtio,8192,4,6.9
73,virtio,4096,0,6.2
73,virtio,4096,1,6.6
73,virtio,4096,2,6.6
73,virtio,4096,3,6.7
73,virtio,4096,4,6.4
73,virtio,1024,0,5.7
73,virtio,1024,1,4.9
73,virtio,1024,2,5.5
73,virtio,1024,3,5.4
73,virtio,1024,4,5.6
73,virtio,512,0,4.4
73,virtio,512,1,4.2
73,virtio,512,2,4.5
73,virtio,512,3,4.4
73,virtio,512,4,4.4
74,virtio,131072,0,6.6
74,virtio,131072,1,6.2
74,virtio,131072,2,6.7
74,virtio,131072,3,7.0
74,virtio,131072,4,6.4
74,virtio,65536,0,7.0
74,virtio,65536,1,6.9
74,virtio,65536,2,6.7
74,virtio,65536,3,6.9
74,virtio,65536,4,6.7
74,virtio,32768,0,6.6
74,virtio,32768,1,7.0
74,virtio,32768,2,6.9
74,virtio,32768,3,7.2
74,virtio,32768,4,7.1
74,virtio,16384,0,6.9
74,virtio,16384,1,6.0
74,virtio,16384,2,7.0
74,virtio,16384,3,7.0
74,virtio,16384,4,7.1
74,virtio,8192,0,6.6
74,virtio,8192,1,7.0
74,virtio,8192,2,7.0
74,virtio,8192,3,7.3
74,virtio,8192,4,7.2
74,virtio,4096,0,6.6
74,virtio,4096,1,6.4
74,virtio,4096,2,7.1
74,virtio,4096,3,6.8
74,virtio,4096,4,6.6
74,virtio,1024,0,5.7
74,virtio,1024,1,5.4
74,virtio,1024,2,5.6
74,virtio,1024,3,5.7
74,virtio,1024,4,5.3
74,virtio,512,0,4.4
74,virtio,512,1,4.5
74,virtio,512,2,4.3
74,virtio,512,3,3.7
74,virtio,512,4,4.4
75,virtio,131072,0,6.7
75,virtio,131072,1,7.6
75,virtio,131072,2,7.3
75,virtio,131072,3,6.7
75,virtio,131072,4,6.6
75,virtio,65536,0,7.3
75,virtio,65536,1,7.4
75,virtio,65536,2,7.5
75,virtio,65536,3,7.2
75,virtio,65536,4,7.6
75,virtio,32768,0,7.0
75,virtio,32768,1,6.9
75,virtio,32768,2,7.1
75,virtio,32768,3,6.7
75,virtio,32768,4,6.7
75,virtio,16384,0,6.9
75,virtio,16384,1,6.9
75,virtio,16384,2,7.1
75,virtio,16384,3,7.0
75,virtio,16384,4,7.2
75,virtio,8192,0,6.8
75,virtio,8192,1,6.9
75,virtio,8192,2,7.4
75,virtio,8192,3,7.2
75,virtio,8192,4,7.0
75,virtio,4096,0,6.5
75,virtio,4096,1,6.2
75,virtio,4096,2,6.9
75,virtio,4096,3,6.8
75,virtio,4096,4,6.7
75,virtio,1024,0,5.6
75,virtio,1024,1,5.2
75,virtio,1024,2,5.3
75,virtio,1024,3,5.5
75,virtio,1024,4,5.4
75,virtio,512,0,4.5
75,virtio,512,1,4.3
75,virtio,512,2,4.3
75,virtio,512,3,4.4
75,virtio,512,4,4.5
77,virtio,131072,0,6.7
77,virtio,131072,1,6.8
77,virtio,131072,2,6.6
77,virtio,131072,3,6.7
77,virtio,131072,4,6.3
77,virtio,65536,0,6.7
77,virtio,65536,1,6.8
77,virtio,65536,2,7.1
77,virtio,65536,3,7.0
77,virtio,65536,4,7.3
77,virtio,32768,0,6.7
77,virtio,32768,1,7.1
77,virtio,32768,2,6.6
77,virtio,32768,3,7.1
77,virtio,32768,4,6.3
77,virtio,16384,0,6.8
77,virtio,16384,1,7.1
77,virtio,16384,2,6.9
77,virtio,16384,3,6.8
77,virtio,16384,4,6.9
77,virtio,8192,0,6.0
77,virtio,8192,1,6.9
77,virtio,8192,2,6.5
77,virtio,8192,3,7.0
77,virtio,8192,4,6.5
77,virtio,4096,0,6.6
77,virtio,4096,1,6.9
77,virtio,4096,2,7.2
77,virtio,4096,3,6.5
77,virtio,4096,4,6.6
77,virtio,1024,0,5.5
77,virtio,1024,1,5.6
77,virtio,1024,2,5.5
77,virtio,1024,3,5.6
77,virtio,1024,4,5.5
77,virtio,512,0,4.7
77,virtio,512,1,4.4
77,virtio,512,2,4.6
77,virtio,512,3,4.3
77,virtio,512,4,4.3
78,virtio,131072,0,6.6
78,virtio,131072,1,6.6
78,virtio,131072,2,6.5
78,virtio,131072,3,6.2
78,virtio,131072,4,6.4
78,virtio,65536,0,7.3
78,virtio,65536,1,6.5
78,virtio,65536,2,7.3
78,virtio,65536,3,6.8
78,virtio,65536,4,6.9
78,virtio,32768,0,6.6
78,virtio,32768,1,6.8
78,virtio,32768,2,6.6
78,virtio,32768,3,7.3
78,virtio,32768,4,6.9
78,virtio,16384,0,6.9
78,virtio,16384,1,6.5
78,virtio,16384,2,7.2
78,virtio,16384,3,6.7
78,virtio,16384,4,7.0
78,virtio,8192,0,6.3
78,virtio,8192,1,6.7
78,virtio,8192,2,6.3
78,virtio,8192,3,6.2
78,virtio,8192,4,6.5
78,virtio,4096,0,6.8
78,virtio,4096,1,6.4
78,virtio,4096,2,6.8
78,virtio,4096,3,6.7
78,virtio,4096,4,6.8
78,virtio,1024,0,5.6
78,virtio,1024,1,5.5
78,virtio,1024,2,5.6
78,virtio,1024,3,5.6
78,virtio,1024,4,5.2
78,virtio,512,0,4.5
78,virtio,512,1,4.0
78,virtio,512,2,4.5
78,virtio,512,3,4.2
78,virtio,512,4,4.3
84,virtio,131072,0,6.2
84,virtio,131072,1,6.4
84,virtio,131072,2,6.6
84,virtio,131072,3,6.5
84,virtio,131072,4,6.9
84,virtio,65536,0,6.8
84,virtio,65536,1,7.0
84,virtio,65536,2,6.6
84,virtio,65536,3,7.4
84,virtio,65536,4,6.7
84,virtio,32768,0,6.8
84,virtio,32768,1,6.8
84,virtio,32768,2,7.2
84,virtio,32768,3,7.1
84,virtio,32768,4,6.7
84,virtio,16384,0,6.9
84,virtio,16384,1,6.8
84,virtio,16384,2,7.1
84,virtio,16384,3,7.1
84,virtio,16384,4,6.9
84,virtio,8192,0,6.5
84,virtio,8192,1,7.2
84,virtio,8192,2,6.3
84,virtio,8192,3,6.9
84,virtio,8192,4,6.9
84,virtio,4096,0,6.6
84,virtio,4096,1,6.7
84,virtio,4096,2,6.7
84,virtio,4096,3,6.7
84,virtio,4096,4,6.7
84,virtio,1024,0,5.5
84,virtio,1024,1,5.7
84,virtio,1024,2,5.8
84,virtio,1024,3,5.6
84,virtio,1024,4,5.4
84,virtio,512,0,4.5
84,virtio,512,1,4.6
84,virtio,512,2,4.3
84,virtio,512,3,4.5
84,virtio,512,4,4.3
85,virtio,131072,0,6.6
85,virtio,131072,1,6.5
85,virtio,131072,2,6.6
85,virtio,131072,3,6.5
85,virtio,131072,4,6.6
85,virtio,65536,0,6.9
85,virtio,65536,1,6.6
85,virtio,65536,2,6.8
85,virtio,65536,3,6.6
85,virtio,65536,4,6.7
85,virtio,32768,0,6.9
85,virtio,32768,1,7.0
85,virtio,32768,2,7.1
85,virtio,32768,3,7.0
85,virtio,32768,4,7.0
85,virtio,16384,0,7.3
85,virtio,16384,1,6.7
85,virtio,16384,2,7.1
85,virtio,16384,3,7.1
85,virtio,16384,4,7.2
85,virtio,8192,0,6.9
85,virtio,8192,1,6.8
85,virtio,8192,2,7.1
85,virtio,8192,3,7.1
85,virtio,8192,4,7.0
85,virtio,4096,0,7.0
85,virtio,4096,1,6.5
85,virtio,4096,2,6.9
85,virtio,4096,3,6.6
85,virtio,4096,4,7.1
85,virtio,1024,0,6.1
85,virtio,1024,1,5.6
85,virtio,1024,2,5.5
85,virtio,1024,3,5.9
85,virtio,1024,4,5.8
85,virtio,512,0,4.7
85,virtio,512,1,4.4
85,virtio,512,2,4.5
85,virtio,512,3,4.6
85,virtio,512,4,4.3
86,virtio,131072,0,6.9
86,virtio,131072,1,6.7
86,virtio,131072,2,6.9
86,virtio,131072,3,6.7
86,virtio,131072,4,7.2
86,virtio,65536,0,6.9
86,virtio,65536,1,6.9
86,virtio,65536,2,7.0
86,virtio,65536,3,6.8
86,virtio,65536,4,6.7
86,virtio,32768,0,6.6
86,virtio,32768,1,6.9
86,virtio,32768,2,7.2
86,virtio,32768,3,7.1
86,virtio,32768,4,6.9
86,virtio,16384,0,6.5
86,virtio,16384,1,6.3
86,virtio,16384,2,7.1
86,virtio,16384,3,7.0
86,virtio,16384,4,7.3
86,virtio,8192,0,6.1
86,virtio,8192,1,7.1
86,virtio,8192,2,6.9
86,virtio,8192,3,7.1
86,virtio,8192,4,7.1
86,virtio,4096,0,6.5
86,virtio,4096,1,6.3
86,virtio,4096,2,6.9
86,virtio,4096,3,6.7
86,virtio,4096,4,7.0
86,virtio,1024,0,5.8
86,virtio,1024,1,5.5
86,virtio,1024,2,5.5
86,virtio,1024,3,5.7
86,virtio,1024,4,5.6
86,virtio,512,0,4.7
86,virtio,512,1,4.5
86,virtio,512,2,4.8
86,virtio,512,3,4.5
86,virtio,512,4,4.6
87,virtio,131072,0,6.7
87,virtio,131072,1,6.9
87,virtio,131072,2,6.9
87,virtio,131072,3,6.7
87,virtio,131072,4,6.5
87,virtio,65536,0,7.0
87,virtio,65536,1,6.5
87,virtio,65536,2,6.6
87,virtio,65536,3,6.7
87,virtio,65536,4,6.5
87,virtio,32768,0,6.2
87,virtio,32768,1,6.7
87,virtio,32768,2,7.0
87,virtio,32768,3,7.1
87,virtio,32768,4,7.1
87,virtio,16384,0,6.9
87,virtio,16384,1,6.7
87,virtio,16384,2,6.4
87,virtio,16384,3,6.9
87,virtio,16384,4,7.2
87,virtio,8192,0,6.9
87,virtio,8192,1,7.2
87,virtio,8192,2,6.9
87,virtio,8192,3,7.1
87,virtio,8192,4,7.0
87,virtio,4096,0,7.0
87,virtio,4096,1,6.6
87,virtio,4096,2,7.0
87,virtio,4096,3,6.6
87,virtio,4096,4,6.9
87,virtio,1024,0,5.8
87,virtio,1024,1,5.9
87,virtio,1024,2,5.4
87,virtio,1024,3,5.9
87,virtio,1024,4,5.7
87,virtio,512,0,4.8
87,virtio,512,1,4.7
87,virtio,512,2,4.3
87,virtio,512,3,4.4
87,virtio,512,4,4.6
88,virtio,131072,0,6.2
88,virtio,131072,1,6.1
88,virtio,131072,2,6.4
88,virtio,131072,3,6.7
88,virtio,131072,4,6.3
88,virtio,65536,0,6.7
88,virtio,65536,1,7.2
88,virtio,65536,2,6.7
88,virtio,65536,3,7.1
88,virtio,65536,4,7.1
88,virtio,32768,0,6.9
88,virtio,32768,1,6.6
88,virtio,32768,2,7.1
88,virtio,32768,3,7.2
88,virtio,32768,4,7.2
88,virtio,16384,0,6.8
88,virtio,16384,1,6.8
88,virtio,16384,2,7.0
88,virtio,16384,3,6.7
88,virtio,16384,4,6.9
88,virtio,8192,0,6.7
88,virtio,8192,1,7.4
88,virtio,8192,2,6.8
88,virtio,8192,3,7.1
88,virtio,8192,4,6.5
88,virtio,4096,0,6.8
88,virtio,4096,1,6.3
88,virtio,4096,2,6.7
88,virtio,4096,3,6.7
88,virtio,4096,4,6.8
88,virtio,1024,0,5.5
88,virtio,1024,1,5.4
88,virtio,1024,2,5.4
88,virtio,1024,3,5.6
88,virtio,1024,4,5.2
88,virtio,512,0,4.4
88,virtio,512,1,4.5
88,virtio,512,2,4.6
88,virtio,512,3,4.4
88,virtio,512,4,4.5
89,virtio,131072,0,6.8
89,virtio,131072,1,6.3
89,virtio,131072,2,6.5
89,virtio,131072,3,6.9
89,virtio,131072,4,6.3
89,virtio,65536,0,7.0
89,virtio,65536,1,6.6
89,virtio,65536,2,6.6
89,virtio,65536,3,7.4
89,virtio,65536,4,6.3
89,virtio,32768,0,6.5
89,virtio,32768,1,6.8
89,virtio,32768,2,7.1
89,virtio,32768,3,6.8
89,virtio,32768,4,6.7
89,virtio,16384,0,6.8
89,virtio,16384,1,6.9
89,virtio,16384,2,6.9
89,virtio,16384,3,7.1
89,virtio,16384,4,7.1
89,virtio,8192,0,6.5
89,virtio,8192,1,7.2
89,virtio,8192,2,7.0
89,virtio,8192,3,7.1
89,virtio,8192,4,6.7
89,virtio,4096,0,6.8
89,virtio,4096,1,6.0
89,virtio,4096,2,7.1
89,virtio,4096,3,6.8
89,virtio,4096,4,6.8
89,virtio,1024,0,5.9
89,virtio,1024,1,5.9
89,virtio,1024,2,5.3
89,virtio,1024,3,5.8
89,virtio,1024,4,6.1
89,virtio,512,0,4.5
89,virtio,512,1,4.9
89,virtio,512,2,4.8
89,virtio,512,3,4.3
89,virtio,512,4,4.4
91,virtio,131072,0,6.7
91,virtio,131072,1,6.6
91,virtio,131072,2,6.7
91,virtio,131072,3,6.7
91,virtio,131072,4,6.7
91,virtio,65536,0,6.7
91,virtio,65536,1,6.7
91,virtio,65536,2,6.9
91,virtio,65536,3,6.7
91,virtio,65536,4,6.6
91,virtio,32768,0,6.5
91,virtio,32768,1,6.9
91,virtio,32768,2,6.8
91,virtio,32768,3,7.2
91,virtio,32768,4,6.5
91,virtio,16384,0,6.9
91,virtio,16384,1,6.7
91,virtio,16384,2,6.9
91,virtio,16384,3,7.2
91,virtio,16384,4,6.9
91,virtio,8192,0,7.3
91,virtio,8192,1,6.6
91,virtio,8192,2,6.7
91,virtio,8192,3,7.1
91,virtio,8192,4,7.0
91,virtio,4096,0,6.5
91,virtio,4096,1,6.5
91,virtio,4096,2,7.2
91,virtio,4096,3,6.6
91,virtio,4096,4,6.9
91,virtio,1024,0,5.8
91,virtio,1024,1,5.9
91,virtio,1024,2,4.9
91,virtio,1024,3,5.3
91,virtio,1024,4,5.6
91,virtio,512,0,4.8
91,virtio,512,1,4.7
91,virtio,512,2,4.2
91,virtio,512,3,4.2
91,virtio,512,4,4.5
92,virtio,131072,0,7.0
92,virtio,131072,1,6.5
92,virtio,131072,2,7.0
92,virtio,131072,3,6.8
92,virtio,131072,4,6.5
92,virtio,65536,0,6.6
92,virtio,65536,1,6.2
92,virtio,65536,2,6.9
92,virtio,65536,3,7.1
92,virtio,65536,4,6.9
92,virtio,32768,0,6.5
92,virtio,32768,1,6.8
92,virtio,32768,2,7.1
92,virtio,32768,3,7.0
92,virtio,32768,4,7.0
92,virtio,16384,0,7.0
92,virtio,16384,1,6.7
92,virtio,16384,2,6.9
92,virtio,16384,3,7.1
92,virtio,16384,4,7.0
92,virtio,8192,0,6.6
92,virtio,8192,1,6.7
92,virtio,8192,2,6.5
92,virtio,8192,3,7.1
92,virtio,8192,4,7.1
92,virtio,4096,0,7.0
92,virtio,4096,1,6.5
92,virtio,4096,2,7.0
92,virtio,4096,3,6.8
92,virtio,4096,4,7.0
92,virtio,1024,0,5.9
92,virtio,1024,1,5.9
92,virtio,1024,2,5.1
92,virtio,1024,3,5.8
92,virtio,1024,4,5.8
92,virtio,512,0,4.8
92,virtio,512,1,4.7
92,virtio,512,2,4.4
92,virtio,512,3,4.3
92,virtio,512,4,4.5
93,virtio,131072,0,6.7
93,virtio,131072,1,6.6
93,virtio,131072,2,6.8
93,virtio,131072,3,6.9
93,virtio,131072,4,7.3
93,virtio,65536,0,6.8
93,virtio,65536,1,6.6
93,virtio,65536,2,7.2
93,virtio,65536,3,7.0
93,virtio,65536,4,6.9
93,virtio,32768,0,7.0
93,virtio,32768,1,7.3
93,virtio,32768,2,7.1
93,virtio,32768,3,7.1
93,virtio,32768,4,6.9
93,virtio,16384,0,7.1
93,virtio,16384,1,6.9
93,virtio,16384,2,7.1
93,virtio,16384,3,7.0
93,virtio,16384,4,7.4
93,virtio,8192,0,6.8
93,virtio,8192,1,7.2
93,virtio,8192,2,6.8
93,virtio,8192,3,6.4
93,virtio,8192,4,7.1
93,virtio,4096,0,7.0
93,virtio,4096,1,6.0
93,virtio,4096,2,7.0
93,virtio,4096,3,6.7
93,virtio,4096,4,7.3
93,virtio,1024,0,5.9
93,virtio,1024,1,5.9
93,virtio,1024,2,5.6
93,virtio,1024,3,5.9
93,virtio,1024,4,5.9
93,virtio,512,0,4.8
93,virtio,512,1,4.5
93,virtio,512,2,4.1
93,virtio,512,3,4.1
93,virtio,512,4,4.6
94,virtio,131072,0,6.4
95,virtio,131072,0,6.8
95,virtio,131072,1,6.4
95,virtio,131072,2,6.3
95,virtio,131072,3,7.2
95,virtio,131072,4,6.8
95,virtio,65536,0,7.0
95,virtio,65536,1,6.4
95,virtio,65536,2,7.0
95,virtio,65536,3,6.9
95,virtio,65536,4,6.7
95,virtio,32768,0,6.6
95,virtio,32768,1,7.1
95,virtio,32768,2,6.6
95,virtio,32768,3,7.0
95,virtio,32768,4,7.0
95,virtio,16384,0,6.1
95,virtio,16384,1,7.0
95,virtio,16384,2,7.1
95,virtio,16384,3,7.2
95,virtio,16384,4,7.0
95,virtio,8192,0,6.4
95,virtio,8192,1,6.7
95,virtio,8192,2,6.5
95,virtio,8192,3,6.7
95,virtio,8192,4,6.8
95,virtio,4096,0,6.1
95,virtio,4096,1,7.1
95,virtio,4096,2,6.4
95,virtio,4096,3,6.5
95,virtio,4096,4,6.3
95,virtio,1024,0,5.3
95,virtio,1024,1,5.5
95,virtio,1024,2,4.9
95,virtio,1024,3,5.2
95,virtio,1024,4,5.3
95,virtio,512,0,4.5
95,virtio,512,1,4.3
95,virtio,512,2,4.5
95,virtio,512,3,4.4
95,virtio,512,4,4.4
96,virtio,131072,0,6.5
96,virtio,131072,1,6.6
96,virtio,131072,2,6.5
96,virtio,131072,3,6.7
96,virtio,131072,4,6.7
96,virtio,65536,0,7.6
96,virtio,65536,1,7.2
96,virtio,65536,2,7.2
96,virtio,65536,3,7.0
96,virtio,65536,4,7.2
96,virtio,32768,0,6.7
96,virtio,32768,1,6.8
96,virtio,32768,2,7.0
96,virtio,32768,3,7.0
96,virtio,32768,4,7.0
96,virtio,16384,0,6.8
96,virtio,16384,1,6.7
96,virtio,16384,2,6.8
96,virtio,16384,3,7.0
96,virtio,16384,4,6.9
96,virtio,8192,0,6.7
96,virtio,8192,1,6.9
96,virtio,8192,2,6.6
96,virtio,8192,3,6.8
96,virtio,8192,4,6.9
96,virtio,4096,0,6.8
96,virtio,4096,1,6.7
96,virtio,4096,2,6.7
96,virtio,4096,3,6.7
96,virtio,4096,4,7.0
96,virtio,1024,0,5.6
96,virtio,1024,1,5.8
96,virtio,1024,2,5.5
96,virtio,1024,3,5.7
96,virtio,1024,4,5.6
96,virtio,512,0,4.5
96,virtio,512,1,4.5
96,virtio,512,2,4.2
96,virtio,512,3,4.3
96,virtio,512,4,4.3
